domain,url,title,description,resultsTotal,category
www.youtube.com,https://www.youtube.com/reportabuse,"Report inappropriate videos, channels, and other content ...","Go to the content or channel that you want to report. Under the content or channel, click More and then Report . On the list that appears, click Legal issue.",1620000000,Video Sharing Platform
www.instagram.com,https://www.instagram.com/,Instagram,Create an account or log in to Instagram - Share what you're into with the people who get you.,542000000,Social Media Platform
www.facebook.com,https://www.facebook.com/,Facebook - log in or sign up,"Create an account or log into Facebook. Connect with friends, family and other people you know. Share photos and videos, send messages and get updates.",437000000,Social Media Platform
www.linkedin.com,https://www.linkedin.com/,LinkedIn: Log In or Sign Up,"1 billion members | Manage your professional identity. Build and engage with your professional network. Access knowledge, insights and opportunities.",423000000,Professional Social Network Platform
www.tiktok.com,https://www.tiktok.com/,TikTok - Make Your Day,"TikTok - trends start here. On a device or on the web, viewers can watch and discover millions of personalized short videos.",414000000,Video Sharing Platform
www.pinterest.com,https://www.pinterest.com/,Pinterest,"Discover recipes, home ideas, style inspiration and other ideas to try.",389000000,Image Sharing Platform
www.reddit.com,https://www.reddit.com/community,Reddit for Community Homepage,"Discover essential resources and expert tips for Reddit moderators. Stay updated on new features, join events, and learn to grow a community on Reddit.",360000000,Forum and Community Platform
www.bilibili.com,https://www.bilibili.com/,哔哩哔哩(゜-゜)つロ干杯~-bilibili,哔哩哔哩（bilibili.com)是国内知名的视频弹幕网站，这里有及时的动漫新番，活跃的ACG氛围，有创意的Up主。大家可以在这里找到许多欢乐。,211000000,Video Sharing Platform
www.quora.com,https://www.quora.com/,Quora,Quora is a place to gain and share knowledge. It's a platform to ask questions and connect with people who contribute unique insights and quality answers.,157000000,Question and Answer Platform
www.researchgate.net,https://www.researchgate.net/,ResearchGate | Find and share research,Discover scientific knowledge and stay connected to the world of science. Join for free. Discover research. Access over 160 million publication pages.,132000000,Professional Social Network Platform
x.com,https://x.com/efkxvjgk9p70891,音瑠@文字コラ (@EfkxVJgK9p70891) ...,文字コラ作ってるよ  DMで依頼もOK  素人大歓迎  S女モノ多いです  いいね等反応あると嬉しいです.,127000000,Social Media Platform
wordpress.com,https://wordpress.com/,"WordPress.com: Build a Site, Sell Your Stuff, Start a Blog & More",WordPress Without Limits. Everything you need to build and grow any website—all in one place. Get started.,124000000,Blogging Platform
www.imdb.com,https://www.imdb.com/,"IMDb: Ratings, Reviews, and Where to Watch the Best Movies ...","IMDb is the world's most popular and authoritative source for movie, TV and celebrity content. Find ratings and reviews for the newest movie and TV shows.",105000000,Review and Rating Platform
www.shutterstock.com,https://www.shutterstock.com/,"Shutterstock: Stock Images, Photos, Vectors, Video, and Music","Download the best royalty free images from Shutterstock, including photos, vectors, and illustrations. Enjoy straightforward pricing and simple licensing.",91400000,Image Sharing Platform
www.deviantart.com,https://www.deviantart.com/,DeviantArt - The Largest Online Art Gallery and Community,DeviantArt is where art and community thrive. Explore over 350 million pieces of art while connecting to fellow artists and art enthusiasts.,88900000,Design Sharing Platform
www.amazon.com,https://www.amazon.com/,Amazon.com. Spend less. Smile more.,Free shipping on millions of items. Get the best of Shopping and Entertainment with Prime. Enjoy low prices and great deals on the largest selection of...,85000000,E-commerce Platform
stackoverflow.com,https://stackoverflow.com/,"Stack Overflow - Where Developers Learn, Share, & Build ...","Stack Overflow is the largest, most trusted online community for developers to learn, share​ ​their programming ​knowledge, and build their careers.",79200000,Question and Answer Platform
github.com,https://github.com/rstudio,RStudio,RStudio has 351 repositories available. Follow their code on GitHub.,78500000,Code Sharing Platform
www.scribd.com,https://www.scribd.com/,Scribd: Explore 195M+ documents from a global community,"Explore over 195M documents from a global community. Share information, and find inspiration on Scribd.",73300000,Document Sharing Platform
play.google.com,https://play.google.com/,Android Apps on Google Play,"Enjoy millions of the latest Android apps, games, music, movies, TV, books, magazines & more. Anytime, anywhere, across your devices.",70900000,E-commerce Platform
medium.com,https://medium.com/,Medium: Read and write stories.,"On Medium, anyone can share insightful perspectives, useful knowledge, and life wisdom with the world.",63800000,Blogging Platform
www.tripadvisor.com,https://www.tripadvisor.com/,Tripadvisor: Over a billion reviews & contributions for Hotels ...,"Plan your next trip, read reviews and get travel advice from our community on where to stay and what to do. Find savings on hotels, book the perfect tour or...",61700000,Review and Rating Platform
stackexchange.com,https://stackexchange.com/,Stack Exchange: Hot Questions,We make Stack Overflow and 170+ other community-powered Q&A sites.,55200000,Question and Answer Platform
www.slideshare.net,https://www.slideshare.net/terms,Global Terms of Use,"These Global Terms of Use (“Terms”) govern Your use of websites (“Sites”), mobile applications (“Apps”), software, content, and all products and services (...",52600000,Presentation Sharing Platform
www.dailymotion.com,https://www.dailymotion.com/,Dailymotion,"The latest news, sports, music and entertainment videos on Dailymotion.",49700000,Video Sharing Platform
www.booking.com,https://www.booking.com/,"Booking.com | Official site | The best hotels, flights, car rentals ...","Explore the world with Booking.com. Big savings on homes, hotels, flights, car rentals, taxis, and attractions – build your perfect trip on any budget.",42300000,Travel and Accommodation Platform
zhidao.baidu.com,https://zhidao.baidu.com/,百度知道,经植物专家辨认，这种植物是罕见的水晶兰。水晶兰不是兰花，属鹿蹄草科植物，多年生，草本；茎直立，单一，不分枝，高10厘米至30厘米，全株无叶绿素，白色，从不进行光合作用，靠腐烂...,35100000,Question and Answer Platform
www.academia.edu,https://www.academia.edu/,"Academia.edu - Find Research Papers, Topics, Researchers","Academia.edu is the platform to share, find, and explore 50 Million research papers. Join us to accelerate your research needs & academic interests.",29400000,Document Sharing Platform
www.tumblr.com,https://www.tumblr.com/,Trending topics on Tumblr,"Explore trending topics on Tumblr. See all of the GIFs, fan art, and general conversation about the internet's favorite things.",27700000,Blogging Platform
www.goodreads.com,https://www.goodreads.com/,Goodreads | Meet your next favorite book,"Find and read more books you'll love, and keep track of the books you want to read. Be part of the world's largest community of book lovers on Goodreads.",27500000,Review and Rating Platform
pixabay.com,https://pixabay.com/,5 million+ Stunning Free Images to Use Anywhere - Pixabay ...,Find your perfect royalty-free image or video to download and use. ✓ Royalty-free ✓ No attribution required ✓ High quality images.,26700000,Image Sharing Platform
www.gutefrage.net,https://www.gutefrage.net/,gutefrage - die größte deutschsprachige Frage-Antwort-Plattform,"Bei uns kannst Du Wissen, Erfahrung und Meinungen mit anderen teilen und entdecken. Seit 2006 ist gutefrage für Millionen Menschen die Anlaufstelle für Fragen...",22200000,Question and Answer Platform
foursquare.com,https://foursquare.com/,Unlocking Powerful Consumer Connections with Location | FSQ,"What can Foursquare do for you? Foursquare is the industry-leading platform for all things geospatial, from foundational building blocks to turnkey solutions.",22200000,Local Business Directory Platform
www.xing.com,https://www.xing.com/,"XING - Finde den Job, der zu Dir passt. Oder lass Dich finden!",Über 1 Mio. Jobs ✓ 20.000 Recruiter·innen ✓ Gehaltsangaben ✓ Arbeitgeber-Bewertungen. Definiere Deine Job-Wünsche und mach Dein XING!,19500000,Job Search Platform
issuu.com,https://issuu.com/,Issuu | Create Interactive Flipbooks on our Digital Publishing ...,Issuu converts PDFs and documents into an interactive flipbook and marketing assets. Embed flipbooks onto your website and distribute online.,18700000,Document Sharing Platform
soundcloud.com,https://soundcloud.com/,Stream and listen to music online for free with SoundCloud,"Discover and play over 320 million music tracks. Join the world's largest online community of artists, bands, DJs, and audio creators.",18300000,Music Sharing Platform
www.behance.net,https://www.behance.net/,"Search Projects :: Photos, videos, logos, illustrations and ...",Behance is the world's largest creative network for showcasing and discovering creative work.,18000000,Design Sharing Platform
store.steampowered.com,https://store.steampowered.com/,Welcome to Steam,"Steam is the ultimate destination for playing, discussing, and creating games.",17800000,Gaming and Game Streaming Platform
www.artstation.com,https://www.artstation.com/kuyajaypi,Kuya Jaypi,League of Legends. Valorant. Overwatch 2. Disney Lorcana. Marvel Snap. Street Fighter. Clash Royale. God's Unchained. Fan Art. Portrait Art. Kuya Jaypi.,17300000,Design Sharing Platform
www.glassdoor.com,https://www.glassdoor.com/citi,Working at Citi,"Overall, 71% of employees would recommend working at Citi to a friend. This is based on 33,258 anonymously submitted reviews on Glassdoor.",16000000,Review and Rating Platform
prezi.com,https://prezi.com/,Presentations and videos with engaging visuals for hybrid ...,"Welcome to Prezi, the presentation software that uses motion, zoom, and spatial relationships to bring your ideas to life and make you a great presenter.",16000000,Presentation Sharing Platform
www.gofundme.com,https://www.gofundme.com/,GoFundMe | The #1 Crowdfunding and Fundraising Platform,GoFundMe is the world's leading crowdfunding platform—from memorial tributes and funerals to medical emergencies and nonprofits.,15300000,Crowdfunding Platform
www.zomato.com,https://www.zomato.com/,Zomato: Best Restaurants in India,"India Restaurants - Find the best restaurants, cafés and bars in India on Zomato. View Menus, Photos, Ratings and User Reviews for Top restaurants in India.",13500000,Restaurant Reservation and Food Delivery Platform
www.airbnb.com,https://www.airbnb.com/,"Airbnb | Vacation rentals, cabins, beach houses, & more",Get an Airbnb for every kind of trip → 7 million vacation rentals → 2 million Guest Favorites → 220+ countries and regions worldwide.,12400000,Travel and Accommodation Platform
bandcamp.com,https://bandcamp.com/,Bandcamp,"Get the free Bandcamp app for iOS or Android to stream your purchases, listen offline, build a queue or playlist for hours of continuous listening, and explore...",12100000,Music Sharing Platform
dribbble.com,https://dribbble.com/,Dribbble - Discover the World's Top Designers & Creative ...,The world's destination for design · Explore inspiring designs · Find your next designer today. The world's leading brands use Dribbble to hire creative talent.,11200000,Design Sharing Platform
vimeo.com,https://vimeo.com/,Vimeo AI-Powered Video Platform,"The video platform trusted by 287 million creatives, entrepreneurs, and businesses. Everything you need to create, manage, and share stunning videos.",10600000,Video Sharing Platform
www.twitch.tv,https://www.twitch.tv/,Twitch,"Twitch is an interactive livestreaming service for content spanning gaming, entertainment, sports, music, and more. There's something for everyone on...",9800000,Gaming and Game Streaming Platform
www.healthgrades.com,https://www.healthgrades.com/,Healthgrades | Find a Doctor - Doctor Reviews - Online Doctor ...,Healthgrades is the leading online resource for comprehensive information about physicians and hospitals.,9750000,Review and Rating Platform
www.last.fm,https://www.last.fm/,"Last.fm | Play music, find songs, and discover artists","The world's largest online music service. Listen online, find out more about your favourite artists, and get music recommendations, only at Last.fm.",9570000,Music Sharing Platform
imgur.com,https://imgur.com/,Imgur: The magic of the Internet,"Find, rate and share the best memes and images. Discover the magic of the Internet at Imgur.",9130000,Image Sharing Platform
www.pexels.com,https://www.pexels.com/login/,Log in to Pexels,"Unlock a world of stunning visuals at Pexels. Log in now to access free photos, videos and share your own with the world. Start exploring today!",8750000,Image Sharing Platform
www.yumpu.com,https://www.yumpu.com/en,YUMPU - Publishing digital magazines worldwide,"YUMPU releases magazines, documents and catalogs on the internet. Publish for free. Gain new readers and costumers worldwide.",8370000,Document Sharing Platform
unsplash.com,https://unsplash.com/,Unsplash: Beautiful Free Images & Pictures,"Beautiful, free images and photos that you can download and use for any project. Better than any royalty free or stock photos.",7990000,Image Sharing Platform
www.zhihu.com,https://www.zhihu.com/question/376173135/answer/1054696501,最近看琴，看中三益121和雅马哈yu2x，但是比较 ...,121和雅马哈yu2x，但是比较纠结，想让大家推荐一下？ 关注问题 写回答. ​ 邀请回答. ​ 好问题. ​. ​. 知乎· 6 个回答· 9 关注.,6710000,Question and Answer Platform
www.ratemyprofessors.com,https://www.ratemyprofessors.com/,Rate My Professors,Find and rate your professor or school.,6360000,Review and Rating Platform
www.smule.com,https://www.smule.com/,Smule: | Sing 14M Karaoke Songs with Lyrics on the #1 Social ...,"Smule is the #1 karaoke app. Sing 14M+ songs with lyrics! Record with pro audio FX to sound your best! Sing karaoke solo, or duet with friends and popular...",4990000,Music Sharing Platform
substack.com,https://substack.com/,Substack - A new economic engine for culture,"Substack's simple system lets you publish to the web, email, and our app simultaneously so you can find new subscribers and always reach your existing audience.",4860000,Blogging Platform
www.yelp.com,https://www.yelp.com/forgot,Forgot Password,Forgot your Yelp password? Enter your email address and we will send you an email about how to reset your password.,4180000,Review and Rating Platform
www.avvo.com,https://www.avvo.com/,Avvo.com - Legal. Easier.,"Avvo has ratings, reviews, and disciplinary records for lawyers in every state. Get free legal advice, find the right lawyer, and make informed legal...",4050000,Review and Rating Platform
www.reverbnation.com,https://www.reverbnation.com/,ReverbNation : Artists First,"ReverbNation helps Artists grow lasting careers by introducing them to music industry partners, exposing them to fans, and building innovative tools to...",3940000,Music Sharing Platform
vsco.co,https://vsco.co/freddyruger,Gallery | freddyruger,Load more. Try for free · Download now. So you can make it. Company. About VSCO · Products · Plans · Careers · Press...,3550000,Image Sharing Platform
www.snapchat.com,https://www.snapchat.com/,Less social media. More Snapchat.,"Chat, send Snaps, explore Stories, and try Lenses on desktop, or download the app on mobile! See how to connect & create with friends on Snapchat,...",3150000,Social Media Platform
www.mixcloud.com,https://www.mixcloud.com/,Mixcloud - Making radio better | Mixcloud,"Use Mixcloud to play any music you like, build communities and get paid directly. We take care of the music copyright for you.",2990000,Music Sharing Platform
gist.github.com,https://gist.github.com/,Discover gists · GitHub,"OS X Screencast to animated GIF. This gist shows how to create a GIF screencast using only free OS X tools: QuickTime, ffmpeg, and gifsicle.",2910000,Code Sharing Platform
www.strava.com,https://www.strava.com/,"Strava | Running, Cycling & Hiking App - Train, Track & Share","Strava connects millions of runners, cyclists, hikers, walkers and other active people through the sports they love – all on our mobile app and website.",2870000,Health and Fitness Platform
www.vitals.com,https://www.vitals.com/,"Vitals.com: Find a Doctor, Doctor Reviews & Ratings",Browse more than 9 million provider reviews. Find the right doctor or dentist for you. Search. You can also search by physician or practice name.,2860000,Review and Rating Platform
www.homeadvisor.com,https://www.homeadvisor.com/,HomeAdvisor - Find Local Home Repair & Improvement ...,"HomeAdvisor, powered by Angi, is the simplest way to find and book top-rated local home services. Connect with trusted home repair and improvement...",2750000,Review and Rating Platform
audiomack.com,https://audiomack.com/,Audiomack - Music platform empowering artists & fans ...,"Audiomack is a youth-driven, artist-first music streaming platform that allows creators to share unlimited music and podcast content for free.",2570000,Music Sharing Platform
www.trustpilot.com,https://www.trustpilot.com/,Trustpilot Reviews: Experience the power of customer reviews,Trustpilot is a review platform that's open to everyone. Share your experiences to help others make better choices and encourage companies to up their game.,2490000,Review and Rating Platform
www.meetup.com,https://www.meetup.com/,"Meetup | Find Local Groups, Events, and Activities Near You","Find Meetup events, join groups, or start your own. Make new friends and connect with like-minded people. Meet people near you who share your interests.",2330000,Social Media Platform
ask.fm,https://ask.fm/,ASKfm: Ask and Answer,Find out what people want to know about you. Ask questions and get answers on any topic!,2290000,Question and Answer Platform
www.angi.com,https://www.angi.com/,Angi (formerly Angie's List): Home Service Pros & Reviews,"Angie's List is now Angi. Connect with vetted pros, read verified reviews & get fair pricing for all your home projects & services — with Angi.",2200000,Review and Rating Platform
www.tapatalk.com,https://www.tapatalk.com/forum/28472,T4UM Forum Tematico - Furgoni Transporter Westfalia ...,"Oggi anche su Facebook https://www.facebook.com/groups/t4um.it/ ATTENZIONE - Il forum è aperto a tutti in lettura, ma per poter scrivere occorre registrarsi",2170000,Forum and Community Platform
drive.google.com,https://drive.google.com/drive/quota,Google Drive: Sign-in,Sign in · For my personal use · For work or my business.,2090000,Cloud Storage Platform
www.kickstarter.com,https://www.kickstarter.com/,Kickstarter,"Kickstarter exists to help bring creative projects to life. A home for film, music, art, theater, games, comics, design, photography, and more.",1970000,Crowdfunding Platform
libsyn.com,https://libsyn.com/,The Best Podcast Hosting Platform | Libsyn Podcasting,"Libsyn hosts audio and video podcasts, and all plans include free custom branded audio and video players. Evolve and test — nothing's stopping you!",1950000,Podcast Platform
www.spreaker.com,https://www.spreaker.com/privacy,Privacy Policy,"This Privacy Policy describes how we collect, protect, share and use your personal information, both offline and online.",1800000,Podcast Platform
sourceforge.net,https://sourceforge.net/,"SourceForge: Compare, Download & Develop Open Source ...","SourceForge is a complete business software and services comparison platform where buyers find, compare, & review business software and IT services. Selling...",1730000,Open Source Project Platform
www.answers.com,https://www.answers.com/,Answers - The Most Trusted Place for Answering Life's ...,Answers is the place to go to get the answers you need and to ask the questions you want.,1480000,Question and Answer Platform
docs.google.com,https://docs.google.com/forms,Google Forms: Sign-in,Access Google Forms with a personal Google account or Google Workspace account (for business use).,1420000,Document Sharing Platform
www.blogger.com,https://www.blogger.com/,Blogger.com - Create a unique and beautiful blog easily.,Create a beautiful blog that fits your style. Choose from a selection of easy-to-use templates – all with flexible layouts and hundreds of background images –...,1340000,Blogging Platform
news.ycombinator.com,https://news.ycombinator.com/,Hacker News,"Phind-405B and faster, high quality AI answers for everyone (phind.com). 153 points by rushingcreek 6 hours ago | hide | 72 comments.",1300000,News and Media Platform
kin.naver.com,https://kin.naver.com/,네이버 지식iN,"홈 · Q&A · CHOiCENEW · 답변하기 · 지식기부 · 사람들NEW · 베스트 · 명예의전당 · 룰렛 · NEW. 전문가 상담이 필요할 땐, 지식iN 엑스퍼트 · 지식iN 성지.",1190000,Question and Answer Platform
codepen.io,https://codepen.io/,CodePen: Online Code Editor and Front End Web Developer ...,"CodePen is a social development environment for front-end designers and developers. Build and deploy a website, show off your work, build test cases to...",1170000,Code Sharing Platform
www.kaggle.com,https://www.kaggle.com/,Kaggle: Your Machine Learning and Data Science Community,Kaggle is the world's largest data science community with powerful tools and resources to help you achieve your data science goals.,1110000,Education and Online Learning Platform
anchor.fm,https://anchor.fm/,Spotify for Podcasters,"Enjoy unlimited hosting and distribute your podcast everywhere. Take advantage of our free platform with uploading, analytics, fan engagement, and monetization...",1050000,Podcast Platform
www.udemy.com,https://www.udemy.com/,"Udemy: Online Courses - Learn Anything, On Your Schedule","Udemy is an online learning and teaching marketplace with over 250000 courses and 73 million students. Learn programming, marketing, data science and more.",1040000,Education and Online Learning Platform
www.thumbtack.com,https://www.thumbtack.com/,Thumbtack | Care for Your Home | Find Local Pros & Reviews,"Find local pros, compare prices and book home services in a few simple steps. Thumbtack makes caring for your home easier.",1020000,Review and Rating Platform
discord.com,https://discord.com/,Discord - Group Chat That's All Fun & Games,"Discord is great for playing games and chilling with friends, or even building a worldwide community. Customize your own space to talk, play, and hang out.",768000,Social Media Platform
www.canva.com,https://www.canva.com/,Canva: Visual Suite for Everyone,"Canva is a free-to-use online graphic design tool. Use it to create social media posts, presentations, posters, videos, logos and more.",743000,Design Sharing Platform
www.g2.com,https://www.g2.com/,G2: Business Software and Services Reviews,"Compare the best business software and services based on user ratings and social data. Reviews for CRM, ERP, HR, CAD, PDM and Marketing software.",611000,Review and Rating Platform
creativemarket.com,https://creativemarket.com/?srsltid=AfmBOoq08CZ48Lzo7N3q_GuDY5HwBm1Vi8iSONPoBm7U9_8eSlZpcXop,"Creative Market: High-quality Stock Photo, Graphics, Fonts ...","Bring your creative projects to life with over 3 million unique fonts, graphics, themes, photos, and templates designed by independent creators around the...",594000,Design Sharing Platform
www.livejournal.com,https://www.livejournal.com/,LiveJournal: Discover global communities of bloggers who ...,Your life is the best story! Just start your blog today!,558000,Blogging Platform
slashdot.org,https://slashdot.org/,Slashdot,"The core tool, Chemhacktica, is a software platform that uses machine learning to map chemical pathways for synthesizing desired molecules. It suggests...",545000,News and Media Platform
www.dropbox.com,https://www.dropbox.com/,Dropbox.com,"With Dropbox for teams, you can store, access, preview, edit and transfer CAD, BIM, PDF and visual content files from anywhere.",542000,Cloud Storage Platform
cargocollective.com,https://cargocollective.com/,Cargo,Cargo is a professional site building platform for designers and artists.,538000,Design Sharing Platform
www.figma.com,https://www.figma.com/,Figma: The Collaborative Interface Design Tool,"Figma is the leading collaborative design tool for building meaningful products. Seamlessly design, prototype, develop, and collect feedback in a single...",511000,Online Collaboration Tool Platform
codesandbox.io,https://codesandbox.io/,CodeSandbox: Instant Cloud Development Environments,"CodeSandbox is a cloud development platform that empowers developers to code, collaborate and ship projects of any size from any device in record time.",469000,Code Sharing Platform
www.emaze.com,https://www.emaze.com/,"Content Creation: Best Presentations, eCards & More | emaze","Content creation with the help of AI. From amazing presentations and websites, to eCards and more, create beautiful visuals with our ready-to-use templates.",441000,Presentation Sharing Platform
www.bandlab.com,https://www.bandlab.com/,BandLab - Make Music Online,"Music creation for all. Record, mix and collaborate on your music projects from start to finish with our best-in-class and 100% free Studio.",421000,Music Sharing Platform
www.producthunt.com,https://www.producthunt.com/,Product Hunt – The best new products in tech.,"Product Hunt is a curation of the best new products, every day. Discover the latest mobile apps, websites, and technology products that everyone's talking...",409000,Review and Rating Platform
www.coroflot.com,https://www.coroflot.com/,Coroflot — Design Jobs & Portfolios,"Search and browse through thousands of works from designers around the world, or sign up today and start creating your portfolio.",371000,Design Sharing Platform
audioboom.com,https://audioboom.com/,Audioboom,Audioboom is a leading global podcast publisher. We connect podcasters and advertisers with engaged and passionate audiences.,311000,Podcast Platform
badoo.com,https://badoo.com/,"Badoo: Best Free Online Dating Site & App - Friends, Chat, Flirt","Join Badoo's community - the best free online dating app. Chat before you match, meet & date people in your area or make new friends from all over the...",308000,Dating and Social Discovery Platform
www.capterra.com,https://www.capterra.com/,Capterra: Find The Right Software and Services,"Choose the best software & services on Capterra, with insights from millions of users and 2 million+ verified reviews. Compare features, pricing, & more.",303000,Review and Rating Platform
www.buzzsprout.com,https://www.buzzsprout.com/,Buzzsprout: Free Podcast Hosting,"Start podcasting today with free podcast hosting from Buzzsprout, the easiest podcasting software for hosting, promoting, and tracking your podcast.",270000,Podcast Platform
www.podbean.com,https://www.podbean.com/,Podbean: Free Podcast hosting and Monetizing Platform,"Podbean is an easy and powerful way to create, promote and monetize your podcast. Everything you need for a successful podcast.",252000,Podcast Platform
pastebin.com,https://pastebin.com/,Pastebin.com - #1 paste tool since 2002!,Pastebin.com is the number one paste tool since 2002. Pastebin is a website where you can store text online for a set period of time.,246000,Document Sharing Platform
www.veoh.com,https://www.veoh.com/,My Veoh,"АЙКа Р-16: ДІВОЧА МІСІЯ, ЕПІЗОД (ОВА) 2 — ""Вояж, вояж — прямо на пляж"" — ЕЧЧІ АНІМЕ УКРАЇНСЬКОЮ МОВОЮ, рьона (ryona, リョナ), еротика, сексуальні дівочі бійки,...",231000,Video Sharing Platform
www.nimo.tv,https://www.nimo.tv/,"NimoTV-Top Game Lives community, Meet New & Chat Online","Nimo TV is the best social live streaming community for watching Liveshow, game Live or have a free chat. Participate in real-time interactions or video...",230000,Gaming and Game Streaming Platform
www.trustradius.com,https://www.trustradius.com/,"TrustRadius: Software Reviews, Software Comparisons and ...","Find top rated software and services based on in-depth reviews from verified users. 400+ software categories including PaaS, NoSQL, BI, HR, and more.",212000,Review and Rating Platform
speakerdeck.com,https://speakerdeck.com/,Speaker Deck | Easily Share Your Presentations Online,"Speaker Deck is the best way to share presentations online. Simply upload your slides as a PDF, and we'll turn them into a beautiful online experience.",211000,Presentation Sharing Platform
jsfiddle.net,https://jsfiddle.net/,JSFiddle - Code Playground,"Test your JavaScript, CSS, HTML or CoffeeScript online with JSFiddle code editor.",200000,Code Sharing Platform
hearthis.at,https://hearthis.at/tejasshetty/,Tejas Shetty,"Tejas Shetty is one of the few in India who boasts himself of creating His own compositions in remixing, thus,giving an all new dimension to Remixing/...",199000,Music Sharing Platform
www.designspiration.com,https://www.designspiration.com/,Designspiration - Design Inspiration | Inspirational Art ...,"Create an account or log in to Designspiration - An image & color search engine for creating mood boards and finding art, design, logos, photography,...",189000,Design Sharing Platform
www.huya.com,https://www.huya.com/25444510,xiaohaoOuO英雄联盟直播,虎牙直播 · 热门搜索 · 新赛季上分 · 彩色弹幕 · 推荐动态主播动态讨论区 · 签约公会 · 猜你喜欢 · 推荐分类.,188000,Gaming and Game Streaming Platform
www.weebly.com,https://www.weebly.com/,Free Website Builder: Build a Free Website or Online Store ...,"Weebly's free website builder makes it easy to create a website, blog, or online store. Find customizable templates, domains, and easy-to-use tools for any...",184000,Blogging Platform
www.powtoon.com,https://www.powtoon.com/,Powtoon: Video Maker | Make Videos and Animations Online,"Make videos in minutes with Powtoon. Use our library of styles, characters, backgrounds and video, or upload your own! Free. Easy. Awesome. Sign up today!",177000,Video Sharing Platform
www.shopify.com,https://www.shopify.com/,Shopify,Try Shopify free and start a business or grow an existing one. Get more than ecommerce software with tools to manage every part of your business.,177000,E-commerce Platform
disqus.com,https://blog.disqus.com/,Disqus Blog,"Disqus, a leading audience engagement and community growth platform, has been awarded Google Certified Publishing Partner (GCPP) status.",176000,Forum and Community Platform
www.podomatic.com,https://www.podomatic.com/,Create a Podcast >> Start Podcasting | Hosting by Podomatic,"The easiest way to start and grow a podcast since 2005. Powerful recording, publishing, stats & analytics, promotion, monetization tools and more, all in one...",169000,Podcast Platform
www.docdroid.net,https://www.docdroid.net/,DocDroid: Upload & Share PDF,"Upload your documents in any format. We support PDF, DOCX, DOC, ODT, RTF, XLS, XLSX, ODS, PPT, PPTX, ODP, TXT and more! DocDroid creates a link for sharing.",169000,Document Sharing Platform
www.indiegogo.com,https://www.indiegogo.com/,Indiegogo: Crowdfund Innovations & Support Entrepreneurs,Crowdfund innovations in tech and design before they go mainstream and support entrepreneurs that are working to bring their dreams to life.,166000,Crowdfunding Platform
500px.com,https://500px.com/dakink,Dawid Professor (dakink) Profile / ...,"6 Followers, 12705 Photo Views. See Dawid Professor's (dakink) photos on 500px.",164000,Image Sharing Platform
onedrive.live.com,https://onedrive.live.com/,Personal Cloud Storage – Microsoft OneDrive,"Save your files and photos to OneDrive and access them from any device, anywhere. Learn more and get 5 GB of free personal cloud storage today.",160000,Cloud Storage Platform
mega.nz,https://mega.nz/,MEGA: Protect your Online Privacy,"Store files, chat, and meet – all in one place. MEGA brings cloud storage, file and folder sharing, chat, meetings, and more — together into one place.",148000,Cloud Storage Platform
www.pscp.tv,https://www.pscp.tv/,Periscope,Explore the world through the eyes of somebody else.,130000,Video Sharing Platform
zoom.us,https://zoom.us/,Zoom: One platform to connect,"Zoom helps consolidate communications, connect people, and collaborate better together in the boardroom, classroom, operating room, and everywhere in between.",112000,Online Collaboration Tool Platform
nextcloud.com,https://nextcloud.com/,Nextcloud - Open source content collaboration platform,"Nextcloud offers a modern, on-premises content collaboration platform with real-time document editing, video chat & groupware on mobile, desktop and web.",107000,Online Collaboration Tool Platform
evernote.com,https://evernote.com/,Best Note Taking App - Organize Your Notes with Evernote,"Our note taking app helps you capture and prioritize ideas, projects and to-do lists, so nothing falls through the cracks. Start your free trial today!",103000,Online Collaboration Tool Platform
www.clubhouse.com,https://www.clubhouse.com/,Clubhouse,Huuuge group voice notes with all of your friends.,91700,Social Media Platform
photobucket.com,https://photobucket.com/,Photobucket | Photo Storage,"Store your photos and videos online with secure storage from Photobucket. Available on iOS, Android and desktop. Securely backup your memories and sign up...",90500,Image Sharing Platform
telegram.org,https://web.telegram.org/,Telegram Web,Telegram is a cloud-based mobile and desktop messaging app with a focus on security and speed.,88600,Instant Messaging Platform
www.notion.so,https://www.notion.so/,"Notion: Your connected workspace for wiki, docs & projects","Built right into your workspace, Notion AI is at the ready to brainstorm ideas, summarize, help you write, and find what you're looking for.",82100,Online Collaboration Tool Platform
transistor.fm,https://transistor.fm/,Transistor - modern podcast hosting and analytics,"Transistor provides podcast hosting and analytics for thousands of organizations, brands, and creatives around the world. Learn how to start a podcast →.",77900,Podcast Platform
slack.com,https://slack.com/,Slack: AI Work Management & Productivity Tools,Slack is built for work. It's the app where you can instantly reach your team on the go or at your desk. Learn more about Slack features.,76500,Instant Messaging Platform
www.douyu.com,https://www.douyu.com/,斗鱼- 每个人的直播平台,斗鱼- 每个人的直播平台提供高清、快捷、流畅的视频直播和游戏赛事直播服务，包含英雄联盟lol直播、穿越火线cf直播、dota2直播、美女直播等各类热门游戏赛事直播和各种...,76200,Gaming and Game Streaming Platform
xenforo.com,https://xenforo.com/,XenForo - Compelling community forum platform,"XenForo is a compelling community forum platform with a premium user experience, reliability, flexibility and security. There is no better platform upon...",66100,Forum and Community Platform
www.jamendo.com,https://www.jamendo.com/,Jamendo Music | Free music downloads,Free music downloads and streaming. Discover and explore 600000+ free songs from 40000+ independent artists from all around the world.,62400,Music Sharing Platform
castos.com,https://castos.com/,Castos: The podcast hosting platform for growing brands,Castos is the podcast platform for creators. Here you can grow your audience and monetize your podcast with ease. Experience Castos for Free.,61800,Podcast Platform
www.phpbb.com,https://www.phpbb.com/,phpBB • Free and Open Source Forum Software,phpBB is a free flat-forum bulletin board software solution that can be used to stay in touch with a group of people or can power your entire website.,60500,Forum and Community Platform
carbonmade.com,https://carbonmade.com/,Carbonmade: Your online portfolio,"Carbonmade helps you show off your work and get discovered. Perfect for photographers, illustrators, motion designers, graphic designers, copywriters or...",59800,Design Sharing Platform
redcircle.com,https://redcircle.com/,RedCircle | Host Your Podcast & Grow Your Revenue,"Trusted brands ready to fuel your podcast journey. Our advertising platform connects you directly with brands, so you make money faster.",50500,Podcast Platform
www.typepad.com,https://www.typepad.com/,Typepad. Share your passions with the world.,"Typepad is the reliable, flexible blogging platform that puts the publisher in control. Plus great one-on-one support from our team of friendly experts.",40300,Blogging Platform
slides.com,https://slides.com/,Slides: Create and Share Presentations for Free,Introducing Slides AI. Make better presentations. Create exceptional slide decks in half the time using intuitive design tools and machine learning.,40100,Presentation Sharing Platform
trello.com,https://trello.com/,Trello: Manage Your Team's Projects From Anywhere,"Trello makes it easy for your team to get work done. No matter the project, workflow, or type of team, Trello can help keep things organized.",40000,Online Collaboration Tool Platform
audius.co,https://audius.co/,Audius - Empowering Creators • Audius,Audius is a music streaming and sharing platform that puts power back into the hands of content creators.,39300,Music Sharing Platform
nodebb.org,https://nodebb.org/,Home | NodeBB | Your Community Forum Platform,"NodeBB is the next generation community forum platform. Built on open source software, we've helped hundreds of companies engage their customers.",38600,Forum and Community Platform
www.match.com,https://www.match.com/,Match® | The Leading Online Dating Site for Singles ...,"Match.com is the number one destination for online dating with more dates, more relationships, & more marriages than any other dating or personals site.",33900,Dating and Social Discovery Platform
mybb.com,https://mybb.com/,MyBB - Free and Open Source Forum Software,"MyBB is the free and open source forum software powering thousands of engaging, vibrant, and unique communities across the internet.",30500,Forum and Community Platform
www.mapmyrun.com,https://www.mapmyrun.com/,MapMyRun,"Easily track your Workouts, set Training Plans, and discover new Workout Routines to crush your goals. Get Started.",28700,Health and Fitness Platform
www.myfitnesspal.com,https://www.myfitnesspal.com/,MyFitnessPal: Calorie Tracker & BMR Calculator to Reach ...,"Reach your health, fitness & weight goals with MyFitnessPal, the #1 nutrition tracking app. Macro & calorie calculator, food tracker, and fasting app in one...",28500,Health and Fitness Platform
hily.com,https://hily.com/support/,Hily Support FAQ's,"Have questions about Hily? Most of them will be answered on its FAQ page. Go there first. If any are not, contact customer support directly.",23500,Dating and Social Discovery Platform
zerply.com,https://zerply.com/,Zerply — The global VFX & Animation talent platform,"The global VFX & Animation talent platform. Connecting, supporting and educating across Film & TV, Games, Advertising and Mixed Reality.",21100,Professional Social Network Platform
clyp.it,https://clyp.it/,"Share, Embed & Upload Audio with Clyp","Professional audio hosting, made simple. Upload high-quality audio, collaborate or get feedback, and easily share anywhere.",17900,Music Sharing Platform
invisioncommunity.com,https://invisioncommunity.com/faq/,FAQ,Here are a few frequently asked questions other clients asked before joining. General enquiries Can I see some examples of a working community?,16800,Forum and Community Platform
www.portfoliobox.net,https://www.portfoliobox.net/,Portfoliobox - Portfolio Websites | Online Portfolio Website,"The leading online website builder for creative professionals. Photographers, Designers, Artists, Illustrators, Models, Makeup Artists and Stylists.",16000,Design Sharing Platform
flarum.org,https://docs.flarum.org/,Flarum Documentation: About Flarum,"Flarum is a delightfully simple discussion platform for your website. It's fast, free, and easy to use, with all the features you need to run a successful...",15900,Forum and Community Platform
www.smugmug.com,https://www.smugmug.com/,"SmugMug: Protect, Share, Store, and Sell Your Photos","SmugMug is a business partner, sales assistant, and photo lab all in one. Look great, Earn more, Breathe easy, A platform for every photo business.",15700,Image Sharing Platform
jellyfin.org,https://jellyfin.org/,Jellyfin: The Free Software Media System,"Jellyfin enables you to collect, manage, and stream your media. Run the Jellyfin server on your system and gain access to the leading free-software...",15700,Streaming Platform
ghost.org,https://ghost.org/,Ghost: The best open source blog & newsletter platform,"Ghost is a powerful app for professional publishers to create, share, and grow a business around their content. It comes with modern tools to build a website,...",15600,Blogging Platform
simplemachines.org,https://custom.simplemachines.org/,Customization Site,"In our Modification Site — commonly called the ""Mod Site"" — you will find packages that can change your forums operation, add features, remove features, and a...",15400,Forum and Community Platform
bumble.com,https://bumble.com/,"Bumble | Date, Chat, Meet New People & Network Better","Bumble has changed the way people date, create meaningful relationships & network with women making the first move. Meet new people & download Bumble.",12100,Dating and Social Discovery Platform
www.whatsapp.com,https://www.whatsapp.com/,WhatsApp | Secure and Reliable Free Private Messaging and ...,"Use WhatsApp Messenger to stay in touch with friends and family. WhatsApp is free and offers simple, secure, reliable messaging and calling, available on",12000,Instant Messaging Platform
piktochart.com,https://piktochart.com/,Piktochart: Infographic Maker Trusted By 11 Million Users,"With Piktochart AI, you can create stunning infographics, reports, presentations, and more in seconds. No design experience needed. Start for free.",11300,Design Sharing Platform
rocket.chat,https://es.rocket.chat/,Rocket.Chat: Plataforma de comunicaciones en la que puede ...,"Utiliza funciones de colaboración como el chat en tiempo real, las videoconferencias y el uso compartido de archivos para mantener conectados a los equipos...",10900,Online Collaboration Tool Platform
vanillaforums.com,http://vanillaforums.com/,Higher Logic Vanilla: Top Customer Community Platform,Higher Logic Vanilla is the all-in-one community platform designed to help you and your customers succeed. Book a demo today!,9990,Forum and Community Platform
www.mocospace.com,https://www.mocospace.com/chat,Free Online Chat Rooms,Moco's free chat rooms are the perfect online chat solution for all devices. Choose a chat room and start to find new friends around the world.,9330,Social Media Platform
mattermost.com,https://mattermost.com/,Mattermost | Collaboration for Your Mission-Critical Work,Mattermost is a secure collaboration platform for accelerating mission critical work in complex environments.,9020,Online Collaboration Tool Platform
www.kompoz.com,https://www.kompoz.com/,Kompoz - Music Collaboration Platform,Create music online. Collaborate with musicians and friends around the world. Create crowdsourced new original music from your home studio.,8160,Music Sharing Platform
zencast.fm,https://www.zencast.fm/,"ZenCast: The Best Podcast Hosting, Publishing & Distribution ...","The easiest way to host your podcast & publish it on every platform. Upload once and publish to Apple Podcasts, Spotify, Youtube and your website.",6280,Podcast Platform
runkeeper.com,https://runkeeper.com/cms/,Track your Run - ASICS Runkeeper Running Tracker App,"Just like a real-life coach, the ASICS Runkeeper app will help you set your goals, train for them, and track your progress along the way.",5930,Health and Fitness Platform
podio.com,https://video.podio.com/,Podio,"Podio, now part of Citrix, is an online work platform that gives people more power than they've ever had before to manage their work better, smarter and in...",5140,Online Collaboration Tool Platform
about.gitlab.com,https://about.gitlab.com/,GitLab: The most-comprehensive AI-powered DevSecOps ...,"Balance speed and security in a single platform. Automate software delivery, boost productivity, and secure your end-to-end software supply chain.",4800,Code Sharing Platform
repl.it,https://repl.it/templates,Templates,"Make a custom AI writer with a few lines of code! This Repl uses Cohere AI's language models to generate custom text based on a given ""command"".",4370,Code Sharing Platform
www.skype.com,https://www.skype.com/ro/,Skype | Rămâneți conectat cu apeluri video gratuite în ...,"Apelurile telefonice Skype către Ucraina sunt gratuite? Da, orice apel către Ucraina prin Skype este acum gratuit. Păstrați legătura cu chatul video gratuit...",3750,Instant Messaging Platform
connect.garmin.com,https://connect.garmin.com/,Garmin Connect | Free Online Fitness Community,"Garmin Connect is the tool for tracking, analyzing and sharing health and fitness activities from your Garmin device.",3590,Health and Fitness Platform
signal.org,https://signal.org/,Signal >> Home,"Say Anything. Share text, voice messages, photos, videos, GIFs and files for free. Signal uses your phone's data connection so you can avoid SMS and MMS fees.",3580,Instant Messaging Platform
slidebean.com,https://slidebean.com/,Slidebean: AI Pitch Deck Creator + Pitch Deck Design Agency,The all-in-one pitch deck software. The Slidebean platform will help you create everything you need to pitch to investors and raise funds for your startup.,3540,Presentation Sharing Platform
www.mentimeter.com,https://www.mentimeter.com/,Mentimeter: Interactive presentation software,"Turn presentations into conversations with interactive polls that engage meetings and classrooms. Get started, it's free. No credit card needed.",3540,Presentation Sharing Platform
www.pixpa.com,https://www.pixpa.com/,Pixpa: Create Your Awesome Portfolio Website,"Pixpa is an easy, all-in-one portfolio website builder for photographers & creators to create portfolio websites with a built-in online store, blog, and client...",3270,E-commerce Platform
en.calameo.com,http://en.calameo.com/books/0015990309439b5d74f8b,Mid West Australia: Creating A Waterwise Mediterranean ...,"For your Mediterranean garden to be successful and rewarding you will need to carry out soil improvement prior to planting, mulch after planting, and install an...",2700,Document Sharing Platform
www.zoosk.com,https://www.zoosk.com/,Zoosk | Online Dating Site & App to Find Your Perfect Match,"Meet local singles with Zoosk, an online dating site and dating app that makes it so simple to find your perfect match. Put some love in your life today!",2080,Dating and Social Discovery Platform
threema.ch,https://threema.ch/es,Threema – La mensajería segura para particulares y empresas,La aplicación de mensajería Threema Work permite a las empresas utilizar la mensajería instantánea para la comunicación corporativa sin correr ningún riesgo.,1880,Instant Messaging Platform
www.beautiful.ai,https://www.beautiful.ai/,AI Presentation Maker | Make it Beautiful with Beautiful.ai,Beautiful.ai's presentation software applies the rules of great design in real-time. Just add content and your slides adapt like magic.,1790,Presentation Sharing Platform
joinmastodon.org,https://joinmastodon.org/servers,Servers,"A Small Community Mastodon Server for Casual Chit-Chat. UK Based, A place for good and wholesome content open to everyone. Pets, Photos, Music &...",1720,Social Media Platform
tribe.so,https://tribe.so/,Bettermode | Create Powerful Web Apps,"The most versatile, and feature-rich engagement platform. Browse 100+ beautifully designed templates, each flexible for precise customization to your needs.",1650,Forum and Community Platform
www.acast.com,https://www.acast.com/,Podcasting For Creators & Advertisers | Acast Podcasts,"Acast is the world's leading independent podcast company, elevating podcast creators & podcast advertisers for the ultimate listening experience.",1650,Podcast Platform
pitch.com,https://pitch.com/,Pitch: Presentation software for fast-moving teams,Pitch is presentation software that enables any team to quickly create sleek decks that get results. Sign up for free.,1540,Presentation Sharing Platform
www.vbulletin.com,https://www.vbulletin.com/,"vBulletin 6, The World's Leading Community Software","Use vBulletin Cloud and we'll handle your hosting, site maintenance and upgrades for you. vBulletin 6. Buy Now",1510,Forum and Community Platform
hangouts.google.com,https://hangouts.google.com/,Google Hangouts,No information is available for this page.,1350,Instant Messaging Platform
wire.com,https://wire.com/legal,Legal Terms,"Wire is used for private communication. When using it, you are required to abide by any applicable laws. You can not use Wire for unlawful or illegal,...",1350,Instant Messaging Platform
growthhackers.com,https://growthhackers.com/,GrowthHackers.com - Premier Community for Scalable Growth,"A private community for top growth leaders - where marketing, product, and growth experts come to learn, connect, and tackle challenges together.",1200,Forum and Community Platform
www.soundtrap.com,https://www.soundtrap.com/storytellers,Vocals & Songwriting - Make podcasts online!,"Start your own podcast with Soundtrap. Easy audio editing, and interactive transcripts helps you create your podcast free today. Sign up now!",1180,Podcast Platform
www.plentyoffish.com,http://www.plentyoffish.com/dating,Dating in Your City - Plenty of Fish Free Dating,Plenty of Fish has thousands of members looking to date near you. Free dating and personals in your city.,1020,Dating and Social Discovery Platform
www.ning.com,https://www.ning.com/,NING: Create your own social network with the best ...,Ning - is the largest online community building platform in the World ☆ Create your own social network in a matter of minutes ⚡️ Take your 14 days trial.,925,Social Media Platform
www.grindr.com,https://www.grindr.com/,Grindr: The World's Largest Social Networking App for LGBTQ ...,"Grindr is the world's largest social networking app for gay, bi, trans, and queer people. Download Grindr today to discover, connect to, and explore the...",925,Dating and Social Discovery Platform
beanstalkapp.com,https://beanstalkapp.com/,Beanstalk,"Beanstalk is the complete code hosting workflow teams or individuals use to write, review and deploy their code.",917,Code Sharing Platform
www.eharmony.com,https://www.eharmony.com/,Dating site to meet singles & find real love!,eharmony is a dating site with over 20 year's experience. Our matching helps you to find real love. Sign up for free and meet thousands of like-minded...,835,Dating and Social Discovery Platform
www.sermo.com,https://www.sermo.com/,Sermo: Social Network Platform for Physicians,Access the global medical community that empowers today's physicians with Sermo's social network platform. ✓ Click here to sign up for Sermo for free today!,802,Professional Social Network Platform
zulip.com,https://zulip.com/,Zulip — organized team chat,"Zulip offers a convenient cloud solution, with features to make your users and IT team happy. Import your data and integrations from Slack and other products.",795,Instant Messaging Platform
www.captivate.fm,https://www.captivate.fm/,Unlimited podcast hosting • Best podcast platform • Captivate.fm,"Host unlimited podcasts with the world's only growth-focused podcast hosting™. Create, grow & monetize your show with our podcast platform.",540,Podcast Platform
www.sync.com,https://www.sync.com/,"Sync | Secure Cloud Storage, File Sharing and Document ...","Sync is a file storage, sharing, and collaboration platform that keeps you safe, secure and connected in the cloud.",483,Cloud Storage Platform
www.endomondo.com,https://www.endomondo.com/,Endomondo - Fitness & Nutrition Guide,"Endomondo newsletter has tips, workout plans & resources that will help you in your fitness journey.",443,Health and Fitness Platform
www.amuse.io,https://www.amuse.io/en/,Amuse,"Amuse provides smart funding, digital music distribution, and additional services to the self-releasing and independent artist community.",342,Music Sharing Platform
answers.yahoo.com,https://malaysia.answers.yahoo.com/amp/qna/20060704054447AAh6pQ2,"Mail, Weather, Search, Politics, News, Finance, Sports & Videos","Latest news coverage, email, free stock quotes, live scores and video are just the beginning. Discover more every day at Yahoo!",326,Question and Answer Platform
www.genial.ly,https://www.genial.ly/5890c03544a87c0e3c95db35/oxford,OXFORD,"Oxford is a city of England (UK). In this city is the older University of the anglophone world. It know as ´´the City of Dreaming Spires´´,...",316,Presentation Sharing Platform
www.gotinder.com,https://www.gotinder.com/,"Tinder | Dating, Make Friends & Meet New People","With 55 billion matches to date, Tinder® is the world's most popular dating app, making it the place to meet new people.",290,Dating and Social Discovery Platform
getsession.org,https://getsession.org/,"Session | Send Messages, Not Metadata. | Private Messenger",Session is a private messenger that aims to remove any chance of metadata collection by routing all messages through an onion routing network.,288,Instant Messaging Platform
ludus.one,https://ludus.one/,Ludus,Ludus is an advanced presentation tool for creative professionals. It's like Sketch and Keynote had a baby in the cloud.,231,Presentation Sharing Platform
hinge.co,https://hinge.co/,"Download Hinge, the dating app designed to be deleted | Hinge",Go on your last first date. Hinge is built on the belief that anyone looking for love should be able to find it. It's also built on an acclaimed Nobel-Prize-...,231,Dating and Social Discovery Platform
www.happn.com,https://www.happn.com/,happn - Dating App,"Connect with genuine locals on happn, where authentic profiles are enriched with real-life crossings, favorite Spots, and personalized insights.",212,Dating and Social Discovery Platform
www.blubrry.com,https://www.blubrry.com/tvarp_tfrafjall/,Útvarp Töfrafjall,"The Living Art Museum is a non-profit, artist run museum, founded in 1978 by a group of Icelandic artists.",188,Podcast Platform
www.discourse.org,https://www.discourse.org/,Discourse is the place to build civilized communities ...,"Discourse is modern forum software for your community. Use it as a mailing list, discussion forum, long-form chat room, and more!",120,Forum and Community Platform
riot.im,https://riot.im/reinstall,Riot.im Android security update,"After the security incident at Matrix.org, we have decided to publish a new Riot.im Android app on the Google Play Store out of an abundance...",116,Instant Messaging Platform
www.docstoc.com,https://www.docstoc.com/,Docstoc,,96,Document Sharing Platform
www.codebasehq.com,https://www.codebasehq.com/,"Codebase - Git, Mercurial and Subversion hosting with project ...","Codebase is the ultimate code hosting platform for professional development teams. Includes source tree browser, in-line comments, notes, and a powerful...",85,Code Sharing Platform
www.okcupid.com,https://www.okcupid.com/,OkCupid: Best Free Dating App & Site to Find a Match Today,OkCupid is the only online dating app that matches you on what really matters to you—and it's free! Download it today to connect with real people.,69,Dating and Social Discovery Platform
ello.co,https://o.ello.co/https://www.zillow.com/profile/depchaybovoisport,Dep chay bo Voisport - Real Estate Professional in Alaska ...,"Visit Dep chay bo Voisport's profile on Zillow to find ratings and reviews. Find great Alaska, AK real estate professionals on Zillow like Dep chay bo...",20,Social Media Platform
www.viadeo.com,http://www.viadeo.com/contact,Viadeo,"Viadeo et JDN-Réseau évoluent et deviennent Viadeo by JDN Cher membre, Viadeo - votre réseau social français - évolue, et nous souhaitions partager avec vous...",17,Professional Social Network Platform
www.lovoo.net,https://www.lovoo.net/,"LOVOO - Online dating app for flirting, chatting, and getting to ...","LOVOO is the place for chatting and getting to know people. Discover people nearby on the Radar, find new friends, or the love of your life!",16,Dating and Social Discovery Platform
fanburst.com,https://fanburst.com/,Listen to what's trending on the Audius platform,"Listen to what's trending on the Audius platform | Stream tracks, albums, playlists on desktop and mobile.",13,Music Sharing Platform
www.indabamusic.com,https://www.indabamusic.com/,Indaba Music,,1,Music Sharing Platform
